{"prev_close": 3952.14, "ma_sum": 51445.84, "ma_q": [3943.78, 3947.78, 3952.9, 3959.15, 3961.55, 3969.01, 3964.93, 3961.32, 3961.62, 3960.15, 3957.13, 3954.38, 3952.14], "spread_q": [0.0, 2.0, 4.746666666666442, 8.247499999999945, 8.518000000000029, 13.31500000000051, 7.91571428571433, 3.767500000000382, 3.6155555555551473, 1.93100000000004, -0.9899999999997817, -3.42833333333283, -5.232307692307586], "ema12": 3956.0255479664975, "ema26": 3952.590703313581, "macd_signal": 3.823625881100659, "rsi_avg_gain": 2.6015343784497538, "rsi_avg_loss": 0.9773003145782974, "boll_q": [3943.78, 3947.78, 3952.9, 3959.15, 3961.55, 3969.01, 3964.93, 3961.32, 3961.62, 3960.15, 3957.13, 3954.38, 3952.14], "boll_sum": 51445.84, "boll_sumsq": 203590930.227, "boll_n": 13, "obv": 72.3254, "prev_z": -1.7257216396044504}