{"prev_close": 4220.18, "ma_sum": 81548.89000000004, "ma_q": [3957.13, 3954.38, 3952.14, 4034.06, 4033.16, 4031.72, 4033.74, 4036.63, 4037.58, 4033.37, 4032.7, 4031.81, 4031.82, 4032.71, 4218.3, 4218.1, 4216.36, 4221.68, 4221.32, 4220.18], "spread_q": [0.0, 2.0, 4.746666666666442, 8.247499999999945, 8.518000000000029, 13.31500000000051, 7.91571428571433, 3.767500000000382, 3.6155555555551473, 1.93100000000004, -0.9899999999997817, -3.42833333333283, -5.232307692307586, 71.21000000000049, 65.62266666666665, 60.17124999999987, 58.5329411764701, 58.01055555555513, 55.85736842105189, 49.0649999999996, 43.948999999999614, 38.85749999999962, 34.92149999999947, 32.13349999999855, 204.8859999999986, 192.2314999999985, 177.91999999999734, 170.22199999999884, 156.87699999999768, 142.73549999999796], "ema12": 4146.724894616266, "ema26": 4080.389738162576, "macd_signal": 48.39531863938781, "rsi_avg_gain": 12.216286555016705, "rsi_avg_loss": 0.753317429263596, "boll_q": [3957.13, 3954.38, 3952.14, 4034.06, 4033.16, 4031.72, 4033.74, 4036.63, 4037.58, 4033.37, 4032.7, 4031.81, 4031.82, 4032.71, 4218.3, 4218.1, 4216.36, 4221.68, 4221.32, 4220.18], "boll_sum": 81548.89000000004, "boll_sumsq": 332698402.9556999, "boll_n": 20, "obv": -274.3298, "prev_z": 1.3582800943534272}