{"prev_close": 4032.71, "ma_sum": 80011.53000000003, "ma_q": [3961.55, 3969.01, 3964.93, 3961.32, 3961.62, 3960.15, 3957.13, 3954.38, 3952.14, 4034.06, 4033.16, 4031.72, 4033.74, 4036.63, 4037.58, 4033.37, 4032.7, 4031.81, 4031.82, 4032.71], "spread_q": [0.0, 2.0, 4.746666666666442, 8.247499999999945, 8.518000000000029, 13.31500000000051, 7.91571428571433, 3.767500000000382, 3.6155555555551473, 1.93100000000004, -0.9899999999997817, -3.42833333333283, -5.232307692307586, 71.21000000000049, 65.62266666666665, 60.17124999999987, 58.5329411764701, 58.01055555555513, 55.85736842105189, 49.0649999999996, 43.948999999999614, 38.85749999999962, 34.92149999999947, 32.13349999999855], "ema12": 4020.9479590811998, "ema26": 3998.7617446994213, "macd_signal": 20.34172064389407, "rsi_avg_gain": 4.269409875616362, "rsi_avg_loss": 0.8390613308020883, "boll_q": [3961.55, 3969.01, 3964.93, 3961.32, 3961.62, 3960.15, 3957.13, 3954.38, 3952.14, 4034.06, 4033.16, 4031.72, 4033.74, 4036.63, 4037.58, 4033.37, 4032.7, 4031.81, 4031.82, 4032.71], "boll_sum": 80011.53000000003, "boll_sumsq": 320119110.8856999, "boll_n": 20, "obv": 444.6395, "prev_z": 0.2569755319997474}