{
  "A2C_extreme_local_20251003T042617Z_003": {
    "config_id": "A2C_extreme_local_20251003T042617Z_003",
    "best_model_path": "models_a2c_best\\A2C_extreme_local_20251003T042617Z_003\\best_model.zip",
    "best_eval_nav": 1.0,
    "total_timesteps": 300000,
    "eval_freq": 10000,
    "timestamp": 1759471299,
    "model_params": {
      "learning_rate": 3.218418608138819e-05,
      "n_steps": 1024,
      "gamma": 0.9986870217482722,
      "gae_lambda": 0.9495683896105283,
      "ent_coef": 0.2912295544018882,
      "vf_coef": 0.19018162232279978,
      "max_grad_norm": 0.9301369274113611,
      "use_sde": true,
      "sde_sample_freq": 4,
      "policy_kwargs": {
        "log_std_init": 1.0,
        "ortho_init": false,
        "net_arch": [
          512,
          512
        ],
        "optimizer_class": 